timestamp,content,label
2025/3/28 23:11,看到这些话没人能不难受了,1
2025/3/28 23:11,男爱豆本质也是男的不要觉得是爱豆就有什么不同,0
2025/3/28 23:16,现在只能希望泰国的xmm能抱团不要失联了,0
2025/3/28 23:17,是这样 甚至wvs里很多pcm还在落井下石……,1
2025/3/28 23:40,部分失联粉丝 大家可以关注和扩散网页链接,0
2025/3/28 23:48,@贝塔在LA背着小次跑_hanijun_ 我要是粉丝我早崩溃了,1
2025/3/28 23:54,你朋友要是知道，其他韩国艺人也在泰国，但是和粉丝共进退，还把演唱会推迟到明天，只有这六个人跑了，估计会更加心梗,1
2025/3/28 23:58,真的会哭 生命只有一次啊。。。。,0
2025/3/29 0:02,天啊 追星女的爱无解，心疼这位宝宝，六个跟斯人一样连一句安慰都不发，演都不演了,1
2025/3/29 0:13,为了爱去见面结果现场最关心自己的竟是同担??、,0
2025/3/29 0:13,回复@热可可要全糖啊喂_:面对地震陌生人都会担心 这些承受爱的却。。。,1
2025/3/29 0:37,02-245-7010（驻泰大使馆）,0
2025/3/29 0:42,@爱吃脆酥饼f 心疼妹子们,0
2025/3/29 0:55,一些机票tips 评论配图,0
2025/3/29 6:46,素随？,1
2025/3/29 8:04,不管不要让他吃流，如果要骂私信去,1
2025/3/29 8:10,花钱了回踩又怎样呢,1
2025/3/29 8:11,你没事干就去上班好不好 人家花了钱脱粉想咋踩就咋踩,1
2025/3/29 8:14,别发dian了,1
2025/3/29 8:14,糊糊糊糊,0
2025/3/29 8:36,要不然你替他们还钱,1
2025/3/29 8:39,没花钱就别叫,1
2025/3/29 9:00,还爱呢下次你这样就不爱你欧巴了你欧巴们迟早被扇亖,1
2025/3/29 9:14,微博也有广告分成计划吗？这一看就是故意这样的,1
2025/3/29 9:32,怎么每个塌的男明星你都要给他们说话啊眼光忒独特,1
2025/3/29 9:40,哇塞小姐姐起号新教程,0
2025/3/29 9:42,你去了吗没去的凭什么替别人去了的原谅,1
2025/3/29 9:44,点了,0
2025/3/29 9:49,脱不脱粉竟然也不是别人的自由了,0
2025/3/29 10:07,有人知道怎么举报他让他拿不了收益吗,1
2025/3/29 10:09,这人就是故意的 ，在这里搏流量。看她的主页全都是,1
2025/3/29 10:09,你这是黑粉视频吗,1
2025/3/29 10:13,龌龊的起号方式,1
2025/3/29 10:22,滚 舔棒子的好狗,1
2025/3/29 10:23,心疼死了，回来就好，以后不要随便去tai了太危险了,0
2025/3/29 10:29,人家想干嘛就干嘛,1
2025/3/29 10:36,没踩死他们,1
2025/3/29 10:52,这样起号浮木怎么办,0
2025/3/29 10:56,流量有了 道德没了,1
2025/3/29 10:59,别给眼色就对了 这种人就是za种赚这种不义之财,1
2025/3/29 11:01,人家给门童花的钱比你一年赚的都多,1
2025/3/29 11:01,你是不是有病？,1
2025/3/29 11:05,花钱了吗,1
2025/3/29 11:07,你在泰国嘛没去别叫，要不然容易怀疑你要不然是本人要不然是暧昧对象,1
2025/3/29 11:10,你去了吗，花钱了吗，你在狗叫什么呢我问你,1
2025/3/29 11:31,滚,1
2025/3/29 11:36,就踩就踩咋了,1
2025/3/29 11:53,这么起号浮木怎么办,0
2025/3/29 12:07,你别发颠,1
2025/3/29 12:09,这样起号，浮木咋办呢,0
2025/3/29 12:18,起号吗，父母呢,1
2025/3/29 12:19,六泼猴,1
2025/3/29 12:20,别在这发dian了,1
2025/3/29 12:21,你凭什么替去了的人原谅,1
2025/3/29 12:21,你头像是你吗？这么喜欢泰国怎么你不去,1
2025/3/29 12:27,ex到了，你真有本事,1
2025/3/29 12:28,你喜欢给被人当狗，被人可不喜欢,1
2025/3/29 12:30,你别发癫了,1
2025/3/29 12:32,起号方式很下贱,1
2025/3/29 12:33,叫啥,1
2025/3/29 12:36,这种既想拿粉钱，又不顾粉丝死活的棒子人渣，去s,1
2025/3/29 12:41,人家挣那么多钱也没见分你一毛啊 这么舔呢大姐 赚这亏心钱 不重视生命再有地震光埋你吧,1
2025/3/29 12:42,这个博主可能是被猪油蒙了吧，难怪一直洗，还替被困的粉丝原谅，好意思吗。哈哈哈她还为金秀贤LTP洗，大家别浪费口舌了，他不会听的。,1
2025/3/29 12:48,你们花了多少钱呢,0
2025/3/29 12:50,你花了多少呢,0
2025/3/29 12:55,你的头像和你一样,1
2025/3/29 12:58,人家因为演唱会取消而被滞留在泰国 花了钱心里有气说两句咋了 脱粉又你有什么事 装一副清高的样子在这里说为什么要脱粉 哇塞哇塞 好清醒好冷静的一个人啊,1
2025/3/29 13:01,气到失语。,1
2025/3/29 13:01,嗯嗯 谢谢宝宝,0
2025/3/29 13:02,谁说不是呢,0
2025/3/29 13:04,gun,1
2025/3/29 13:07,本来对这个舞台的评价不是有生命力吗，无语了,0
2025/3/29 13:13,这样起号的话，你天上那两个怎么办,1
2025/3/29 13:13,你是打开前置就是全家福,1
2025/3/29 13:15,咋了粉丝花了那么多钱和精力去见他们，结果被这样对待，难道不可以回踩吗？再说了没有粉丝的支持他们能赚钱吗？真是无语你这种人,1
2025/3/29 13:19,起号成功了 你父母怎么办,1
2025/3/29 13:47,这么起号，天上那两个怎么办,1
2025/3/29 13:48,这么起号是真没钱了,1
2025/3/29 13:50,滚,1
2025/3/29 13:50,你知道现在失联了多少人了吗别搞笑了好吗,1
2025/3/29 13:52,你也在泰国的话我无话可说 你又不在你配说话吗我说白了,1
2025/3/29 14:03,唱的什么鬼也听不懂。妆也那么浓，卸妆之后什么样都不知道。,1
2025/3/29 14:06,男的起号就是这样 没有底线 没有尊严 没有父母 孤身一人 一定是太孤独了所以想让很多人关注自己才这么起号的吧 真是太可怜了 想斯就快点找个好地方斯了好了 不要再用这么可怜的方式了 好可怜一男的 哎,1
2025/3/29 14:07,你算老几??,1
2025/3/29 14:12,你喜欢这种人没人管你 那你管人家脱不脱粉,1
2025/3/29 14:15,你别发颠,1
2025/3/29 14:16,什么都要蹭 小心短命鬼,1
2025/3/29 14:24,支持脱粉回踩哈,1
2025/3/29 14:25,@耀雅墨,0
2025/3/29 14:29,gogogo??出发咯????????粉丝的爱意有多浓??????我只要跑路的轻松????大热天做个白日梦??????梦见我变成了顶流??????我有想起飞的冲动????????粉丝在受苦也从容??????无所畏惧的去飞升???????机票书写这份光荣????????,0
2025/3/29 14:40,别蹭了 恶心了,1
2025/3/29 14:51,这样起号浮木怎么办啊,0
2025/3/29 14:51,家里只有可乐有气了吧,0
2025/3/29 15:00,动不动拿人命引流你家里那两位现在在天上吗,1
2025/3/29 15:01,这样起豪家里的人怎么办,1
2025/3/29 15:03,好的祝你以后看那场演唱会都取消，追星之路永远不顺,1
2025/3/29 15:08,好恶心啊 你到底要卖什么货,1
2025/3/29 15:10,怎么样能把这个人的号举报炸掉？,1
2025/3/29 15:14,他们这样做，因为他们去泰国的粉丝怎么骂都不过分,1
2025/3/29 15:19,别理这b人给她流量了,1
2025/3/29 15:20,你是不是有病,1
2025/3/29 15:24,莫名其妙就原谅上了,0
2025/3/29 15:26,别理这个人，它经常在各大热搜上说着反话激怒路人来骂它，这样它就有了流量,1
2025/3/29 15:28,流量是有了，那土里那两个怎么办呢,1
2025/3/29 15:30,没花钱就别dian了好吗？,1
2025/3/29 15:32,地震失踪的为什么不是你呢,1
2025/3/29 15:38,韩女最爱乞讨后翻脸不认人。,1
2025/3/29 15:40,中粉真的是这群棒子们的衣食父母,1
2025/3/29 15:41,这个团又不火要不是背靠hybe更糊,1
2025/3/29 15:41,平时把中粉当atm 有事就骂中粉,1
2025/3/29 15:41,韩女这时候咋不girls help girls了,1
2025/3/29 15:41,泰国粉丝当然不会说什么 毕竟损失机票酒店的不是他们哈哈,1
2025/3/29 15:41,那她们没有去泰国看演唱会的人吗？觉得这种跑男的行为是正确的吗？就活的卑微到了这个地步？跪久了站不起来具象化,1
2025/3/29 15:43,到底是谁自私滚蛋啊一群人为了男宝连别人的命都觉得不重要了,1
2025/3/29 15:44,你们少溺爱一点韩国男宝吧,1
2025/3/29 15:44,中女们多爱自己好吗,1
2025/3/29 15:44,所以一直不理解吹韩女的……,1
2025/3/29 15:45,你号还没起好就想重生了是不是…？,1
2025/3/29 15:45,说真的，真不知道追棒子追的个什么劲儿，花最多的钱，得最差的待遇，挨最多的骂。有这钱还不如追国内的小网红和坚持唱跳的小爱豆，最起码你还能得个情绪价值还不用出国才能看见真人。,1
2025/3/29 15:46,想怎样啊 中饭冒风险赴约结果这六个带吊的当甩手掌柜上飞机才报平安 而且对粉丝的安危不问不顾 在泰的中饭不仅面临地震的伤害还面临着会被拐卖的风险 你们骂中饭意在何处？,1
2025/3/29 15:46,上次来微博说那个换脸可不是这种态度的，以后也别来微博装逼,1
2025/3/29 15:47,我以为这件事情带来的启示是全世界的人都该意识到的,0
2025/3/29 15:47,没有中输，你们哥哥什么都不是,1
2025/3/29 15:51,我其实最不理解现在还有继续溺爱的粉丝 真的要这么背刺同胞吗 说句难听的 很难没有人在泰国这次事件中牺牲 真的很难,1
2025/3/29 15:51,你替粉丝挡灾,1
2025/3/29 15:52,我以为大家一直都知道 老韩就是这样又爱中饭的?? 又深深恨着中饭的。。。,1
2025/3/29 15:54,棒子女也别来中国寻求帮助哈见一次骂一次,1
2025/3/29 15:55,棒子女可不舍得花这么多钱的,0
2025/3/29 16:02,你这么起号爸妈怎么办啊，看你的微博这么爱男，要不也去捐勾子给他们玩吧，看你饥渴的样子就知道你有多想和他们一起下去了,1
2025/3/29 16:07,@恋雨說 我看一次笑一次,0
2025/3/29 16:07,@gnrhwfy_ 求看我笑的快死了,0
2025/3/29 16:12,你猪吗,1
2025/3/29 16:21,你这么爱怎么不在曼谷,1
2025/3/29 16:26,韩娱所有的团都是靠中国粉丝养着的,1
2025/3/29 16:32,死猪,1
2025/3/29 16:35,这么起号想过扶木吗,1
2025/3/29 16:42,粉男爱豆的一些女粉不见得会有这种思想，她们代表不了韩女,0
2025/3/29 16:42,只能说，她们很多时候只会帮助本国的??或者说恨中＞帮♀,1
2025/3/29 16:46,图个情绪价值倒也不分国籍，不过那种爱得死去活来的，尤其是学生那种为了追星逃课骗家长去国外的真的应该转变转变观念了,0
2025/3/29 16:48,谁还记得之前韩国有个什么换脸事件，我们中女热心帮忙结果反手就被韩女背刺啊,1
2025/3/29 16:48,视频里唱得啥 赶紧退圈吧六个人,1
2025/3/29 16:50,你这样引流可以挣到多少钱呀,1
2025/3/29 16:51,你怎么不替那些国人去挡灾,1
2025/3/29 16:54,原来真的有这种狗啊,0
2025/3/29 16:58,户口本再薄也不要这么起号好吗,1
2025/3/29 16:59,韩国人在本国就可以看吧 他们才不会花钱出国看,1
2025/3/29 16:59,算什么男人…,1
2025/3/29 17:07,哈韩女半斤八两,1
2025/3/29 17:08,人花了钱爱咋说咋说 管你什么事呢,1
2025/3/29 17:08,就爱回踩怎么了吧怎么了吧 你嫁给你家欧巴吧好不好 什么锅配什么盖,1
2025/3/29 17:11,我真的觉得这并不适合玩梗，其次bnd死不足惜,1
2025/3/29 17:17,拉黑啊 愣着干嘛,1
2025/3/29 17:18,豆奶 豆角 扣子,0
2025/3/29 17:18,就要回踩，你管得着吗,1
2025/3/29 17:19,你脑子坏了？,1
2025/3/29 17:20,这样发你赚了多少钱,1
2025/3/29 17:20,挺丑的,1
2025/3/29 17:22,我看你五行缺金，又这么神，要不改名叫神金吧,0
2025/3/29 17:25,这样起号下面两位怎么办。,1
2025/3/29 17:30,还原谅了上了,0
2025/3/29 17:38,是的，动不动就韩女多清醒，这个人命关天的时候不帮忙还落井下石开骂的，不懂有啥好吹的,1
2025/3/29 17:39,天啊，看得人心疼死了,0
2025/3/29 17:40,一群膝盖都跪烂了的东西，脑袋也没有，大概不是人类吧,1
2025/3/29 17:44,因為造星工業水平有差距啊,0
2025/3/29 17:46,妹子你在起号咋滴？…你这种人…神经病,1
2025/3/29 17:46,还不如追国内的明星呢，起码不用买专辑，而且最重要的是不用出国,1
2025/3/29 18:08,笑死我了，ip广东  但凡你在泰国都骂你轻点,1
2025/3/29 18:09,怎么有人丑成这样？这是爱豆,1
2025/3/29 18:16,你自己没死就不脱粉是吗,1
2025/3/29 18:24,把嘴闭上,1
2025/3/29 18:53,喝水的时候撒点在地上就是孝敬家里那两位了,0
2025/3/29 18:58,刷到有路人以为是酒店门童和游客抢逃生通道，笑死我了,0
2025/3/29 19:05,滚,1
2025/3/29 19:05,你花了多少钱呢,0
2025/3/29 19:11,见证物种多样性,0
2025/3/29 19:14,你这样起好爸妈还要吗,1
2025/3/29 19:23,只能问维护男明星这一单多少money。。。想赚,1
2025/3/29 19:31,这么起号扶木怎么办,0
2025/3/29 19:31,@一胎二男宝老公夸我真能生 笑的我肚肚疼,0
2025/3/29 19:37,老师偶遇,0
2025/3/29 19:38,一个个长成这样唱成这样怎么有脸出道？？人品现在更是没有…,1
2025/3/29 19:38,看完 这条 你真的舍得脱粉吗 网页链接,0
2025/3/29 19:40,收了韩国那边多少钱？当走狗汉奸有意思哈,1
2025/3/29 19:40,我是真老了我还是exo阶段的记忆,0
2025/3/29 19:42,你这样起号，你父母呢,1
2025/3/29 19:42,不孝子孙骂他们爹妈了。,1
2025/3/29 19:43,我的妈呀,0
2025/3/29 19:43,唱的什么鬼，给我爬,1
2025/3/29 19:43,就是说,0
2025/3/29 19:43,怎么可能啊相信哥哥,0
2025/3/29 19:44,哥哥不是这样的！,0
2025/3/29 19:45,打钱,1
2025/3/29 19:45,服了,1
2025/3/29 19:45,你的名字适合你哦,0
2025/3/29 19:45,真的不要浮木了吗,0
2025/3/29 19:45,感觉不会 只会说自己跑得快。,0
2025/3/29 19:45,你算什么辣鸡,1
2025/3/29 19:46,追男明星下场就这样,1
2025/3/29 19:46,是的,0
2025/3/29 19:46,我只心疼粉丝 太不值了,0
2025/3/29 19:47,你锁死吧，爱吗？自己跑路了,1
2025/3/29 19:47,唉,0
2025/3/29 19:47,这么起号害臊吗？,1
2025/3/29 19:47,咋这样,1
2025/3/29 19:48,起号也不是这么起号的，你还有良心吗？,1
2025/3/29 19:48,第一次听说就是这种事情,0
2025/3/29 19:49,我的天天,0
2025/3/29 19:49,呵呵,0
2025/3/29 19:49,这样起号浮木怎么办啊,0
2025/3/29 19:49,你的id送给你,1
2025/3/29 19:50,tmd，就应该你去泰国的，站着说话不腰疼,1
2025/3/29 19:50,追得命都没了，这还不脱粉回踩还想怎样啊？,1
2025/3/29 19:51,用别人的痛苦这么起号你不舍得那你怎么不去泰国呢你去原谅吧,1
2025/3/29 19:52,为什么不踩这种烂人？不踩都算对他好的了,1
2025/3/29 19:53,天呐,0
2025/3/29 19:53,借个楼，我放几个寻人贴欧尼网页链接 网页链接 网页链接 网页链接 希望大家平安回家,0
2025/3/29 19:54,你那么爱 怎么不在泰国呢 号是起了 家里人怎么办,1
2025/3/29 19:54,他们只是踩，已经很留情了,1
2025/3/29 19:54,纯路人：这群人你们很喜欢？,1
2025/3/29 19:55,天天发反人类的内容让你没少赚吧,1
2025/3/29 19:55,upup，希望人没事,0
2025/3/29 19:55,@神灯菠萝包,0
2025/3/29 19:55,德不配位必有灾殃,1
2025/3/29 19:55,深井冰啊你,1
2025/3/29 19:56,你发疯了吧,1
2025/3/29 19:56,这么起号你父母怎么办？,1
2025/3/29 19:56,咋这样,0
2025/3/29 19:56,呵呵,0
2025/3/29 19:56,不脱纯踩。,1
2025/3/29 19:56,这么起号家里那两个怎么办,0
2025/3/29 19:57,异国他乡的小女孩唯一想依赖的人却什么都不说,0
2025/3/29 19:57,发什么神经,1
2025/3/29 19:57,爱你妹，一帮没担当的软蛋,1
2025/3/29 19:57,你去换泰国那些死去的粉丝,1
2025/3/29 19:57,跑的比粉丝快，的确是爱粉丝，。,0
2025/3/29 19:59,号起了 父母呢？,1
2025/3/29 19:59,滚,1
2025/3/29 19:59,这样起号浮木怎么办,0
2025/3/29 19:59,粉丝的命不是命吗？没有粉丝支持，谁认识你啊？,1
2025/3/29 19:59,这么养号父母怎么办呢,1
2025/3/29 19:59,呃呃呃消失那么多粉丝他不心急吗,0
2025/3/29 19:59,去s吧,1
2025/3/29 19:59,你特娘的赶紧和他们锁死,1
2025/3/29 20:00,那你去粉吧,1
2025/3/29 20:01,头像是不是本人,0
2025/3/29 20:01,@一桶纯肉丸 这头猪昨天晚上我就看到了，太舔了，感觉活成太监了,1
2025/3/29 20:01,这样起号你父母咋办,1
2025/3/29 20:01,你怎么不去泰国，连泰国都不愿意去算什么粉丝,1
2025/3/29 20:01,没轮到你你当然是没事 ydl真是让你蹭到了,1
2025/3/29 20:02,直接投诉,1
2025/3/29 20:04,是谁出事跑路丢下粉丝，还爱粉丝。但凡提前发出公告，也不会这样,1
2025/3/29 20:04,很下贱了,1
2025/3/29 20:04,滚,1
2025/3/29 20:05,可以举报这种微博吗,1
2025/3/29 20:05,这样起号浮木怎么办,0
2025/3/29 20:05,假的是队友粉恶意造谣,1
2025/3/29 20:05,无人在意我们只关心在泰粉丝安全,0
2025/3/29 20:07,家里一定是一个人也不剩了才敢这样起号的,1
2025/3/29 20:07,好垃圾,1
2025/3/29 20:07,你别发颠,1
2025/3/29 20:08,什么妖魔鬼怪,1
2025/3/29 20:08,我的妈，又是你，其他事情你蹭也就罢了，这种事情你这样做晚上真的睡得着觉吗？,1
2025/3/29 20:09,别狗叫,1
2025/3/29 20:10,这么起号无敌了,0
2025/3/29 20:10,你的名字是不是在提醒你些什么,1
2025/3/29 20:10,号不一定能起，但扶木一定是没了,0
2025/3/29 20:11,那你去粉,1
2025/3/29 20:11,别那么jian行吗，这热度蹭的你心安吗，关乎生命问题了,1
2025/3/29 20:11,连你一起骂也是顺手的事,1
2025/3/29 20:11,天呐,0
2025/3/29 20:12,？你现在如果在曼谷担惊受怕 随时都有风险都时候应该就不会说出这样的p话了,1
2025/3/29 20:12,这样起号的话浮木怎么办,0
2025/3/29 20:13,离谱,1
2025/3/29 20:13,怎么又是你啊,1
2025/3/29 20:14,滚,1
2025/3/29 20:14,恭喜你的朋友脱离危险，也看清了偶像。,0
2025/3/29 20:14,为了起号啥都发啊,1
2025/3/29 20:14,平安就好,0
2025/3/29 20:14,跑的比狗都快 他们难过个集帽啊,1
2025/3/29 20:14,你别发癫,1
2025/3/29 20:16,跑的比粉丝还快,1
2025/3/29 20:16,为啥走的时候不通知，到了韩国才说～把粉丝当人了吗,1
2025/3/29 20:16,路过都要踩两脚,1
2025/3/29 20:16,你这么起号浮木怎么办,1
2025/3/29 20:17,你这么喜欢你怎么没在泰国啊,1
2025/3/29 20:19,真的你别发颠了,1
2025/3/29 20:20,异食癖能不能放过正常人,1
2025/3/29 20:20,别发癫,1
2025/3/29 20:20,糊糊糊糊,0
2025/3/29 20:22,不是粉我都要踩，因为我也是追星女他们简直恶心透顶了,1
2025/3/29 20:24,好生气,1
2025/3/29 20:25,糊一辈子这辈子最火的一次是得到了“六逃一”的名号，用这种方式起号是变成孤儿了吗,1
2025/3/29 20:26,有病,1
2025/3/29 20:26,路过的点点举报,1
2025/3/29 20:27,upup,0
2025/3/29 20:27,这么起号，家里那两位不要了吗？,1
2025/3/29 20:28,那种行为真的ex人,1
2025/3/29 20:29,希望早点找到,0
2025/3/29 20:29,雅思呀泪,0
2025/3/29 20:29,upup,0
2025/3/29 20:30,up,0
2025/3/29 20:30,啥玩意，乱七八糟的吵闹的人心烦。。。都不知道屏蔽哪个关键词能过滤这破玩意。,1
2025/3/29 20:31,up,0
2025/3/29 20:31,si在泰国的应该是你 不是她们,1
2025/3/29 20:32,希望都能平安回家??,0
2025/3/29 20:35,那我问你,0
2025/3/29 20:38,upup,0
2025/3/29 20:38,蠢猪@Hanni小蜂蜜,1
2025/3/29 20:39,你老公,0
2025/3/29 20:39,upup,0
2025/3/29 20:39,这样起号你父母咋办,1
2025/3/29 20:39,dd,0
2025/3/29 20:40,怎么那么多人用这个文案起号啊良心不会痛吗,1
2025/3/29 20:40,up,0
2025/3/29 20:41,你原谅了能把我香港场票收了吗。,0
2025/3/29 20:41,upup#脱粉回踩#,1
2025/3/29 20:43,人找到了吗,0
2025/3/29 20:44,这样起号浮木怎么办@我就尖酸刻薄怎么你了,1
2025/3/29 20:46,是非粉都要骂一嘴踩一脚的程度#bnd粉丝去世# #门童曼谷场取消#,1
2025/3/29 20:47,关你屁事,1
2025/3/29 20:49,目前好像还没消息,0
2025/3/29 20:49,花多少钱了,0
2025/3/29 20:50,保胎针打脑子上了吗?,1
2025/3/29 20:50,up,0
2025/3/29 20:50,bb那你花钱去演唱会了吗？你这ip还在国内啊,0
2025/3/29 20:50,你IP哪的,1
2025/3/29 20:52,点了姐妹,1
2025/3/29 20:53,up,0
2025/3/29 20:53,这样起号家里那两位怎么办？,0
2025/3/29 20:55,平安就好！,0
2025/3/29 20:56,六马桶会有报应,1
2025/3/29 20:56,为了起号 家里那两位不要了,1
2025/3/29 20:57,好意思吗，自己同胞都不担心，还在搞这些,1
2025/3/29 20:57,up,0
2025/3/29 21:00,粉丝真的太可怜了..,0
2025/3/29 21:00,转评:刚刚看到有人提醒，在泰国的宝宝不要在包上挂小卡了，尽量不要表现出你是追星女的特征，那边好像是有人盯上追星女了，尤其是落单的，宝宝们保护好自己，快快安全回家[流泪],0
2025/3/29 21:00,293,0
2025/3/29 21:00,??厕所暗门注意?? 泰国那边很多看起来还挺正规的厕所后面有暗门，路边的或者什么饭店那些大家最好不要去，去的话先别关隔间的门先用脚踢一下墙看后面是不是空心的,0
2025/3/29 21:01,293,0
2025/3/29 21:01,哎 希望平安??,0
2025/3/29 21:01,要300了天啊,0
2025/3/29 21:01,那些去世的女孩们呢你替大家原谅了那你也顺便替那些女孩丝好了,1
2025/3/29 21:02,那么香港场还会有很多人去吗??,0
2025/3/29 21:02,293,0
2025/3/29 21:02,谁来数数门童到现在上了几个热搜了,0
2025/3/29 21:03,我之前在他犯贱也会夸他可爱的我太懂了。。平常说他们六贱一这回是真的贱,1
2025/3/29 21:04,这么起号你浮木怎么办,1
2025/3/29 21:06,那我的朋友就活该去死吗！她就应该死在泰国吗！！！,1
2025/3/29 21:06,pcm还再呼吁取消香港场其实压根无人在意,1
2025/3/29 21:07,为什么要去国外追星啊来自己的城市还得看看价格和时间才考虑看。希望小女孩们平安吧,0
2025/3/29 21:07,想知道清到几点的稿了,0
2025/3/29 21:07,就之前有些犯法的明星，现在还有粉丝呢wyf那个，好多粉丝不是说什么要run出去，专门围绕他建个国家嘛,1
2025/3/29 21:08,还是因为太喜欢他们了吧 可是这些人真的不配 去国外追星真的要注意安全。。,1
2025/3/29 21:11,那你命挺硬的 能不能先嘎一下给我看看你爱的到底有多深,1
2025/3/29 21:12,平安就好,0
2025/3/29 21:14,296,0
2025/3/29 21:14,好多钱……,0
2025/3/29 21:14,他们有啥难过的,1
2025/3/29 21:15,全网300豌豆全跑了,0
2025/3/29 21:15,今晚助力到400 好吗？,0
2025/3/29 21:15,好多钱,0
2025/3/29 21:15,296,0
2025/3/29 21:15,@甘芝菡hannnnnnnn 欧巴们虽然完蛋过很多次但这次是真的完蛋了。,1
2025/3/29 21:15,这是第几个了,0
2025/3/29 21:15,谁能算算多少钱。。。。好多,0
2025/3/29 21:15,今晚助力到400,0
2025/3/29 21:15,还钱,1
2025/3/29 21:15,？草拟吗,1
2025/3/29 21:16,六个马桶对不起我女神,1
2025/3/29 21:16,好多钱,0
2025/3/29 21:16,好多钱晕钱了,0
2025/3/29 21:17,好多钱,0
2025/3/29 21:19,在泰的宝宝们，包上挂的小卡全部摘下！ 不要暴露出追星！人贩子现在专盯挂小卡的！ 在泰国的朋友们尽快把包包上挂的小卡全部拿下来！ 不要露出追星相册? 不要露出追星相册? 不要露出追星相册? （小卡手灯手幅等等等都不要漏出來！）现在人贩子子现在专攻挂小卡抓！ 大家注意安全????g?h?h,0
2025/3/29 21:20,在泰的宝宝们，包上挂的小卡全部摘下！ 不要暴露出追星！人贩子现在专盯挂小卡的！ 在泰国的朋友们尽快把包包上挂的小卡全部拿下来！ 不要露出追星相册? 不要露出追星相册? 不要露出追星相册? （小卡手灯手幅等等等都不要漏出來！）现在人贩子子现在专攻挂小卡抓！ 大家注意安全????肉；,0
2025/3/29 21:20,好多钱。。。,0
2025/3/29 21:20,！！！,1
2025/3/29 21:21,宝宝这花的很多了,0
2025/3/29 21:21,我靠。,1
2025/3/29 21:22,为什么人们总是错过幸福而去寻找幸运。。。再看到这句话觉得好心酸,0
2025/3/29 21:24,这样起耗父母咋办@得闲鸳鸯拿铁喝点,1
2025/3/29 21:24,太支持回踩了 希望那些在泰国的粉丝们一定要平平安安回来,0
2025/3/29 21:25,好多钱,0
2025/3/29 21:26,这么起号，你,1
2025/3/29 21:28,你就是下一个失联的人这么起号不怕遭报应吗,1
2025/3/29 21:28,这花得很多了,0
2025/3/29 21:30,bnd还钱,1
2025/3/29 21:30,upupup,0
2025/3/29 21:31,你给我闭嘴，为了起号父母都不要了是吧,1
2025/3/29 21:34,天好多钱 脱愉,1
2025/3/29 21:34,粉丝应该为自己的行为负责 你又不是傻子,1
2025/3/29 21:39,号起来了，浮木不要了？,1
2025/3/29 21:39,天啊原来是这样……,0
2025/3/29 21:39,我还是相信哥哥的,0
2025/3/29 21:39,回复@七岁耶纳:这个我不知道，只是帮忙扩散，希望都平安无事,0
2025/3/29 21:41,@IAM-塑料小铲 你看我这条，发在脱粉回踩里有人,0
2025/3/29 21:42,其实感觉bnd算是六代男团长的最普最不出圈很糊的一个了,0
2025/3/29 21:42,好贵…,0
2025/3/29 21:43,@Zzzz杏 @希望能见上一面 好多钱,1
2025/3/29 21:43,这种就是纯关种就故意反着来波流量的啊 给他眼色他目的就达到了,1
2025/3/29 21:43,你去泰国，你去泰国，你去看那些死了的人的姓名。,1
2025/3/29 21:44,平安回来就好,0
2025/3/29 21:44,在这儿刷什么存在感？,1
2025/3/29 21:44,人死了你很开心吗？,1
2025/3/29 21:44,那群粉丝为了他们都丢了性命了还不让骂了这么金贵。,1
2025/3/29 21:44,姐妹吃点好的吧。,0
2025/3/29 21:44,什么屎都吃。,1
2025/3/29 21:46,马桶和马桶刷的双向奔赴,0
2025/3/29 21:47,回复@IAM-塑料小铲:还是感叹追星女付出的真心和爱被踩在脚下真的不好受,0
2025/3/29 21:47,密密麻麻的都是钱啊,0
2025/3/29 21:48,这样起号家里人怎么办,1
2025/3/29 21:48,密密麻麻的真心,0
2025/3/29 21:48,爱他们路上却受了伤害，轻飘飘的对不起可以抵过逝去的生命和受到的伤害的话，他们根本配不上粉丝对他们爱,1
2025/3/29 21:49,之前不是脱粉  流行说  你怎么还是个普通人  去掉滤镜  真就啥也不是,1
2025/3/29 21:51,@scuwin 卧槽好多钱,1
2025/3/29 21:52,还钱,1
2025/3/29 21:53,爱不是人人都配拥有的,1
2025/3/29 21:56,好多钱@大米饭吃野牛,0
2025/3/29 21:57,女神好惨 脱愉,1
2025/3/29 21:57,bnd替在泰粉丝挡灾,1
2025/3/29 21:58,回复@鑫GOOD梅:不是夸内娱 国内很多艺人我觉得都不会这么做,0
2025/3/29 22:01,所有人都比那六个人爱粉丝…,1
2025/3/29 22:01,sd不要负亩啦,1
2025/3/29 22:06,好多钱,0
2025/3/29 22:06,浅算了一下将近八千块我的天,0
2025/3/29 22:10,花的好多宝宝我心疼你。。9,0
2025/3/29 22:11,回来以后就好好爱自己，先担心自己的安危，不准原谅他们！,1
2025/3/29 22:11,这么说家里那两位怎么办,0
2025/3/29 22:12,犯见夸可爱。。这是中文吗,1
2025/3/29 22:15,up,0
2025/3/29 22:15,ip不再泰国就别叫 没人可以替她们原谅那一堆马桶,1
2025/3/29 22:16,他们会被踩，你也会被踩????????????,1
2025/3/29 22:16,你这么爱你咋不去泰国？现在人在广东帮那群跑男说话也有意思,1
2025/3/29 22:17,吃人血馒头的吗真有意思,1
2025/3/29 22:17,??????,0
2025/3/29 22:17,会伤心吗感觉这种没有心的人只会庆幸自己跑得快吧,1
2025/3/29 22:17,@杰诺夫斯基_ 妈呀,1
2025/3/29 22:17,？,0
2025/3/29 22:18,原来还能这样起号啊 学会了,0
2025/3/29 22:19,up,0
2025/3/29 22:19,这么起号你爸你妈呢,1
2025/3/29 22:19,你去泰国死把那些粉丝换回来,1
2025/3/29 22:19,为了起号啥都干得出来 也还没谁了,1
2025/3/29 22:20,能不能滚。,1
2025/3/29 22:20,谁的命不是命啊，一出事自己跑的比豹子还快管粉丝死活了吗？这还不脱粉啊，想死继续粉呗,1
2025/3/29 22:21,要脸吗？。,1
2025/3/29 22:21,回复@IAM-塑料小铲:都脱粉回踩好吗,1
2025/3/29 22:21,这么相信哥哥，奖励你下次地震去逛两圈,1
2025/3/29 22:21,你是真的一点都不顾呀,1
2025/3/29 22:21,krdog给熊猫妹偿命啊啊啊你们半夜真的不会梦见字字泣血被压在废墟下的熊猫妹吗，真的不会听见被拐走的熊猫妹的哭喊吗,1
2025/3/29 22:21,滚，一边去！,1
2025/3/29 22:21,“会比谁都难过”？？ 比谁,1
2025/3/29 22:21,为什么脱粉回踩？因为他们值得，甚至圆圆不够,1
2025/3/29 22:21,笑死了尼玛的,1
2025/3/29 22:22,为什么脱粉回踩？因为他们值得，甚至远远不够,1
2025/3/29 22:22,up,0
2025/3/29 22:22,将近快1w了…,0
2025/3/29 22:22,这么起号，你祖宗知道吗,1
2025/3/29 22:22,这是人说的话吗,1
2025/3/29 22:22,图片评论,0
2025/3/29 22:22,有病吧,1
2025/3/29 22:22,你这么起号家里那两位怎么办,1
2025/3/29 22:22,滚,1
2025/3/29 22:22,你踏马这样起号不要浮木了吗,1
2025/3/29 22:22,你又懂了,1
2025/3/29 22:23,我真的无法理解千里迢迢跑去超级危险的泰国，竟然是为了看六个丑男。。。我还专门去搜了他们，我个人觉得颜值不如我们国内爱豆啊,1
2025/3/29 22:23,这么起号你浮木怎麽办,1
2025/3/29 22:23,不义之财你也敢赚 你胆子真大,1
2025/3/29 22:24,不是一群人 女权不追韩男 脚气才追,1
2025/3/29 22:24,都不是好东西,1
2025/3/29 22:24,？,0
2025/3/29 22:25,兄弟我问你个事,0
2025/3/29 22:25,这么起号要点脸吧,1
2025/3/29 22:26,？,0
2025/3/29 22:26,站起来做人吧,1
2025/3/29 22:26,1,1
2025/3/29 22:28,？,0
2025/3/29 22:28,女孩们回家,0
2025/3/29 22:29,up 可以艾特一下大吧,0
2025/3/29 22:29,#脱粉回踩# #bnd粉丝去世#,1
2025/3/29 22:29,up,0
2025/3/29 22:30,远离负能量，拥抱快乐，你是最棒的！,0
2025/3/29 22:30,upup,0
2025/3/29 22:30,韩国爱豆不会来大陆开演唱会,0
2025/3/29 22:31,upup,0
2025/3/29 22:31,回复@不会还有人在熬夜吧:不是韩女在wb求助的时候了,1
2025/3/29 22:32,up,0
2025/3/29 22:32,哥哥的新歌《坏翅膀》真的太好听啦，每次听都有新感觉！,0
2025/3/29 22:32,平安最重要，其他都是浮云~,0
2025/3/29 22:32,upup,0
2025/3/29 22:33,非粉但支持脱粉，这种人真的不值得啊门童你们真的没心……,1
2025/3/29 22:33,upup,0
2025/3/29 22:33,看看,0
2025/3/29 22:33,1,1
2025/3/29 22:34,4,0
2025/3/29 22:34,5,0
2025/3/29 22:34,没有girls help girls，只有Chinese girls help Chinese girls ,1
2025/3/29 22:34,平安大哥这波是用实力劝粉啊新歌《坏翅膀》循环中...,0
2025/3/29 22:35,辜负真心的吞一千个银针,1
2025/3/29 22:35,1,1
2025/3/29 22:35,5,0
2025/3/29 22:35,6,0
2025/3/29 22:36,希望大家都平平安安,0
2025/3/29 22:37,追星路上 平安最重要 安全回家比什么都强,0
2025/3/29 22:40,还是爱豆 别玷污了呀,1
2025/3/29 22:41,平安是福，希望所有人都能平平安安的,0
